month,keywords
12,爱豆
12,杨幂 刘恺威
12,检方
12,社区 戒毒
12,跨年
12,海王
12,十大
11,蒋劲夫 中浦悠花
11,蓝洁瑛
11,吴亦凡
11,陈羽凡
11,孟庭苇 张志鹏
11,颁奖
11,电视台
11,音集协
11,助理
11,斯坦
10,金庸
10,范冰冰
10,李咏
9,刘强东 京东
9,张雨绮
9,军训
9,幼儿园
9,被捕
9,网传
9,中秋
9,新生
9,吴秀波
9,瑞典
9,保安
9,大师
8,攻略 延禧
8,步行街
8,片酬
8,滴滴
8,张馨予 何捷
8,璎珞
8,荣誉
8,黄晓明 账户
8,卢凯彤
8,如懿传
8,奖项
8,七夕
8,吴谨言
7,药神
7,疫苗 长生
7,单曲
7,举报
7,录取
6,世界杯 球迷
6,高考 考生
6,荣誉
6,同框
6,杨超越
6,影视
6,华谊
6,火箭少女
6,阴阳
6,马蓉
5,戛纳
5,阿娇
5,哈里
5,汶川
5,母亲节
5,漫画
5,余文乐
4,香港电影 金像奖
4,谢娜
4,李萌
4,霍思燕
4,漫威
3,性侵 高云翔
3,助理
3,霍金
3,奖项
3,林志玲
3,黎明
2,过年 回老家
2,春节
2,地震
2,王宝强
2,压岁钱
2,小品
2,平昌
1,电影
1,结婚
1,儿子
1,可爱
1,日本
1,男友
1,老师
1,网络
1,演唱会
1,出轨
1,女子
1,经典
1,女人
1,机场
1,操作
1,演唱
1,录制
1,女神
1,二胎
1,演技
1,母亲
1,配音
1,青春
1,女星
